Y,X,id,Unnamed: 3,0,1
3557653.19979785,-10649521.8887171,0,,-95.66628281199964,30.420009457999964
3557653.19979785,-10648521.8887171,1,,-95.65729965915844,30.420009457999964
3557653.19979785,-10647521.8887171,2,,-95.64831650631724,30.420009457999964
3557653.19979785,-10646521.8887171,3,,-95.63933335347605,30.420009457999964
3557653.19979785,-10645521.8887171,4,,-95.63035020063487,30.420009457999964
3557653.19979785,-10644521.8887171,5,,-95.62136704779367,30.420009457999964
3557653.19979785,-10643521.8887171,6,,-95.61238389495247,30.420009457999964
3557653.19979785,-10642521.8887171,7,,-95.60340074211128,30.420009457999964
3557653.19979785,-10641521.8887171,8,,-95.59441758927008,30.420009457999964
3557653.19979785,-10640521.8887171,9,,-95.58543443642887,30.420009457999964
3557653.19979785,-10639521.8887171,10,,-95.57645128358769,30.420009457999964
3557653.19979785,-10638521.8887171,11,,-95.56746813074649,30.420009457999964
3557653.19979785,-10637521.8887171,12,,-95.5584849779053,30.420009457999964
3557653.19979785,-10636521.8887171,13,,-95.5495018250641,30.420009457999964
3557653.19979785,-10635521.8887171,14,,-95.5405186722229,30.420009457999964
3557653.19979785,-10634521.8887171,15,,-95.53153551938172,30.420009457999964
3557653.19979785,-10633521.8887171,16,,-95.52255236654052,30.420009457999964
3557653.19979785,-10632521.8887171,17,,-95.51356921369933,30.420009457999964
3557653.19979785,-10631521.8887171,18,,-95.50458606085813,30.420009457999964
3557653.19979785,-10630521.8887171,19,,-95.49560290801693,30.420009457999964
3557653.19979785,-10629521.8887171,20,,-95.48661975517572,30.420009457999964
3557653.19979785,-10628521.8887171,21,,-95.47763660233454,30.420009457999964
3557653.19979785,-10627521.8887171,22,,-95.46865344949335,30.420009457999964
3557653.19979785,-10626521.8887171,23,,-95.45967029665215,30.420009457999964
3557653.19979785,-10625521.8887171,24,,-95.45068714381095,30.420009457999964
3557653.19979785,-10624521.8887171,25,,-95.44170399096976,30.420009457999964
3557653.19979785,-10623521.8887171,26,,-95.43272083812856,30.420009457999964
3557653.19979785,-10622521.8887171,27,,-95.42373768528738,30.420009457999964
3557653.19979785,-10621521.8887171,28,,-95.41475453244618,30.420009457999964
3557653.19979785,-10620521.8887171,29,,-95.40577137960499,30.420009457999964
3557653.19979785,-10619521.8887171,30,,-95.39678822676377,30.420009457999964
3556653.19979785,-10649521.8887171,31,,-95.66628281199964,30.412262646414156
3556653.19979785,-10648521.8887171,32,,-95.65729965915844,30.412262646414156
3556653.19979785,-10647521.8887171,33,,-95.64831650631724,30.412262646414156
3556653.19979785,-10646521.8887171,34,,-95.63933335347605,30.412262646414156
3556653.19979785,-10645521.8887171,35,,-95.63035020063487,30.412262646414156
3556653.19979785,-10644521.8887171,36,,-95.62136704779367,30.412262646414156
3556653.19979785,-10643521.8887171,37,,-95.61238389495247,30.412262646414156
3556653.19979785,-10642521.8887171,38,,-95.60340074211128,30.412262646414156
3556653.19979785,-10641521.8887171,39,,-95.59441758927008,30.412262646414156
3556653.19979785,-10640521.8887171,40,,-95.58543443642887,30.412262646414156
3556653.19979785,-10639521.8887171,41,,-95.57645128358769,30.412262646414156
3556653.19979785,-10638521.8887171,42,,-95.56746813074649,30.412262646414156
3556653.19979785,-10637521.8887171,43,,-95.5584849779053,30.412262646414156
3556653.19979785,-10636521.8887171,44,,-95.5495018250641,30.412262646414156
3556653.19979785,-10635521.8887171,45,,-95.5405186722229,30.412262646414156
3556653.19979785,-10634521.8887171,46,,-95.53153551938172,30.412262646414156
3556653.19979785,-10633521.8887171,47,,-95.52255236654052,30.412262646414156
3556653.19979785,-10632521.8887171,48,,-95.51356921369933,30.412262646414156
3556653.19979785,-10631521.8887171,49,,-95.50458606085813,30.412262646414156
3556653.19979785,-10630521.8887171,50,,-95.49560290801693,30.412262646414156
3556653.19979785,-10629521.8887171,51,,-95.48661975517572,30.412262646414156
3556653.19979785,-10628521.8887171,52,,-95.47763660233454,30.412262646414156
3556653.19979785,-10627521.8887171,53,,-95.46865344949335,30.412262646414156
3556653.19979785,-10626521.8887171,54,,-95.45967029665215,30.412262646414156
3556653.19979785,-10625521.8887171,55,,-95.45068714381095,30.412262646414156
3556653.19979785,-10624521.8887171,56,,-95.44170399096976,30.412262646414156
3556653.19979785,-10623521.8887171,57,,-95.43272083812856,30.412262646414156
3556653.19979785,-10622521.8887171,58,,-95.42373768528738,30.412262646414156
3556653.19979785,-10621521.8887171,59,,-95.41475453244618,30.412262646414156
3556653.19979785,-10620521.8887171,60,,-95.40577137960499,30.412262646414156
3556653.19979785,-10619521.8887171,61,,-95.39678822676377,30.412262646414156
3555653.19979785,-10649521.8887171,62,,-95.66628281199964,30.404515219957
3555653.19979785,-10648521.8887171,63,,-95.65729965915844,30.404515219957
3555653.19979785,-10647521.8887171,64,,-95.64831650631724,30.404515219957
3555653.19979785,-10646521.8887171,65,,-95.63933335347605,30.404515219957
3555653.19979785,-10645521.8887171,66,,-95.63035020063487,30.404515219957
3555653.19979785,-10644521.8887171,67,,-95.62136704779367,30.404515219957
3555653.19979785,-10643521.8887171,68,,-95.61238389495247,30.404515219957
3555653.19979785,-10642521.8887171,69,,-95.60340074211128,30.404515219957
3555653.19979785,-10641521.8887171,70,,-95.59441758927008,30.404515219957
3555653.19979785,-10640521.8887171,71,,-95.58543443642887,30.404515219957
3555653.19979785,-10639521.8887171,72,,-95.57645128358769,30.404515219957
3555653.19979785,-10638521.8887171,73,,-95.56746813074649,30.404515219957
3555653.19979785,-10637521.8887171,74,,-95.5584849779053,30.404515219957
3555653.19979785,-10636521.8887171,75,,-95.5495018250641,30.404515219957
3555653.19979785,-10635521.8887171,76,,-95.5405186722229,30.404515219957
3555653.19979785,-10634521.8887171,77,,-95.53153551938172,30.404515219957
3555653.19979785,-10633521.8887171,78,,-95.52255236654052,30.404515219957
3555653.19979785,-10632521.8887171,79,,-95.51356921369933,30.404515219957
3555653.19979785,-10631521.8887171,80,,-95.50458606085813,30.404515219957
3555653.19979785,-10630521.8887171,81,,-95.49560290801693,30.404515219957
3555653.19979785,-10629521.8887171,82,,-95.48661975517572,30.404515219957
3555653.19979785,-10628521.8887171,83,,-95.47763660233454,30.404515219957
3555653.19979785,-10627521.8887171,84,,-95.46865344949335,30.404515219957
3555653.19979785,-10626521.8887171,85,,-95.45967029665215,30.404515219957
3555653.19979785,-10625521.8887171,86,,-95.45068714381095,30.404515219957
3555653.19979785,-10624521.8887171,87,,-95.44170399096976,30.404515219957
3555653.19979785,-10623521.8887171,88,,-95.43272083812856,30.404515219957
3555653.19979785,-10622521.8887171,89,,-95.42373768528738,30.404515219957
3555653.19979785,-10621521.8887171,90,,-95.41475453244618,30.404515219957
3555653.19979785,-10620521.8887171,91,,-95.40577137960499,30.404515219957
3555653.19979785,-10619521.8887171,92,,-95.39678822676377,30.404515219957
3554653.19979785,-10649521.8887171,93,,-95.66628281199964,30.39676717872133
3554653.19979785,-10648521.8887171,94,,-95.65729965915844,30.39676717872133
3554653.19979785,-10647521.8887171,95,,-95.64831650631724,30.39676717872133
3554653.19979785,-10646521.8887171,96,,-95.63933335347605,30.39676717872133
3554653.19979785,-10645521.8887171,97,,-95.63035020063487,30.39676717872133
3554653.19979785,-10644521.8887171,98,,-95.62136704779367,30.39676717872133
3554653.19979785,-10643521.8887171,99,,-95.61238389495247,30.39676717872133
3554653.19979785,-10642521.8887171,100,,-95.60340074211128,30.39676717872133
3554653.19979785,-10641521.8887171,101,,-95.59441758927008,30.39676717872133
3554653.19979785,-10640521.8887171,102,,-95.58543443642887,30.39676717872133
3554653.19979785,-10639521.8887171,103,,-95.57645128358769,30.39676717872133
3554653.19979785,-10638521.8887171,104,,-95.56746813074649,30.39676717872133
3554653.19979785,-10637521.8887171,105,,-95.5584849779053,30.39676717872133
3554653.19979785,-10636521.8887171,106,,-95.5495018250641,30.39676717872133
3554653.19979785,-10635521.8887171,107,,-95.5405186722229,30.39676717872133
3554653.19979785,-10634521.8887171,108,,-95.53153551938172,30.39676717872133
3554653.19979785,-10633521.8887171,109,,-95.52255236654052,30.39676717872133
3554653.19979785,-10632521.8887171,110,,-95.51356921369933,30.39676717872133
3554653.19979785,-10631521.8887171,111,,-95.50458606085813,30.39676717872133
3554653.19979785,-10630521.8887171,112,,-95.49560290801693,30.39676717872133
3554653.19979785,-10629521.8887171,113,,-95.48661975517572,30.39676717872133
3554653.19979785,-10628521.8887171,114,,-95.47763660233454,30.39676717872133
3554653.19979785,-10627521.8887171,115,,-95.46865344949335,30.39676717872133
3554653.19979785,-10626521.8887171,116,,-95.45967029665215,30.39676717872133
3554653.19979785,-10625521.8887171,117,,-95.45068714381095,30.39676717872133
3554653.19979785,-10624521.8887171,118,,-95.44170399096976,30.39676717872133
3554653.19979785,-10623521.8887171,119,,-95.43272083812856,30.39676717872133
3554653.19979785,-10622521.8887171,120,,-95.42373768528738,30.39676717872133
3554653.19979785,-10621521.8887171,121,,-95.41475453244618,30.39676717872133
3554653.19979785,-10620521.8887171,122,,-95.40577137960499,30.39676717872133
3554653.19979785,-10619521.8887171,123,,-95.39678822676377,30.39676717872133
3553653.19979785,-10649521.8887171,124,,-95.66628281199964,30.38901852280007
3553653.19979785,-10648521.8887171,125,,-95.65729965915844,30.38901852280007
3553653.19979785,-10647521.8887171,126,,-95.64831650631724,30.38901852280007
3553653.19979785,-10646521.8887171,127,,-95.63933335347605,30.38901852280007
3553653.19979785,-10645521.8887171,128,,-95.63035020063487,30.38901852280007
3553653.19979785,-10644521.8887171,129,,-95.62136704779367,30.38901852280007
3553653.19979785,-10643521.8887171,130,,-95.61238389495247,30.38901852280007
3553653.19979785,-10642521.8887171,131,,-95.60340074211128,30.38901852280007
3553653.19979785,-10641521.8887171,132,,-95.59441758927008,30.38901852280007
3553653.19979785,-10640521.8887171,133,,-95.58543443642887,30.38901852280007
3553653.19979785,-10639521.8887171,134,,-95.57645128358769,30.38901852280007
3553653.19979785,-10638521.8887171,135,,-95.56746813074649,30.38901852280007
3553653.19979785,-10637521.8887171,136,,-95.5584849779053,30.38901852280007
3553653.19979785,-10636521.8887171,137,,-95.5495018250641,30.38901852280007
3553653.19979785,-10635521.8887171,138,,-95.5405186722229,30.38901852280007
3553653.19979785,-10634521.8887171,139,,-95.53153551938172,30.38901852280007
3553653.19979785,-10633521.8887171,140,,-95.52255236654052,30.38901852280007
3553653.19979785,-10632521.8887171,141,,-95.51356921369933,30.38901852280007
3553653.19979785,-10631521.8887171,142,,-95.50458606085813,30.38901852280007
3553653.19979785,-10630521.8887171,143,,-95.49560290801693,30.38901852280007
3553653.19979785,-10629521.8887171,144,,-95.48661975517572,30.38901852280007
3553653.19979785,-10628521.8887171,145,,-95.47763660233454,30.38901852280007
3553653.19979785,-10627521.8887171,146,,-95.46865344949335,30.38901852280007
3553653.19979785,-10626521.8887171,147,,-95.45967029665215,30.38901852280007
3553653.19979785,-10625521.8887171,148,,-95.45068714381095,30.38901852280007
3553653.19979785,-10624521.8887171,149,,-95.44170399096976,30.38901852280007
3553653.19979785,-10623521.8887171,150,,-95.43272083812856,30.38901852280007
3553653.19979785,-10622521.8887171,151,,-95.42373768528738,30.38901852280007
3553653.19979785,-10621521.8887171,152,,-95.41475453244618,30.38901852280007
3553653.19979785,-10620521.8887171,153,,-95.40577137960499,30.38901852280007
3553653.19979785,-10619521.8887171,154,,-95.39678822676377,30.38901852280007
3552653.19979785,-10649521.8887171,155,,-95.66628281199964,30.381269252286202
3552653.19979785,-10648521.8887171,156,,-95.65729965915844,30.381269252286202
3552653.19979785,-10647521.8887171,157,,-95.64831650631724,30.381269252286202
3552653.19979785,-10646521.8887171,158,,-95.63933335347605,30.381269252286202
3552653.19979785,-10645521.8887171,159,,-95.63035020063487,30.381269252286202
3552653.19979785,-10644521.8887171,160,,-95.62136704779367,30.381269252286202
3552653.19979785,-10643521.8887171,161,,-95.61238389495247,30.381269252286202
3552653.19979785,-10642521.8887171,162,,-95.60340074211128,30.381269252286202
3552653.19979785,-10641521.8887171,163,,-95.59441758927008,30.381269252286202
3552653.19979785,-10640521.8887171,164,,-95.58543443642887,30.381269252286202
3552653.19979785,-10639521.8887171,165,,-95.57645128358769,30.381269252286202
3552653.19979785,-10638521.8887171,166,,-95.56746813074649,30.381269252286202
3552653.19979785,-10637521.8887171,167,,-95.5584849779053,30.381269252286202
3552653.19979785,-10636521.8887171,168,,-95.5495018250641,30.381269252286202
3552653.19979785,-10635521.8887171,169,,-95.5405186722229,30.381269252286202
3552653.19979785,-10634521.8887171,170,,-95.53153551938172,30.381269252286202
3552653.19979785,-10633521.8887171,171,,-95.52255236654052,30.381269252286202
3552653.19979785,-10632521.8887171,172,,-95.51356921369933,30.381269252286202
3552653.19979785,-10631521.8887171,173,,-95.50458606085813,30.381269252286202
3552653.19979785,-10630521.8887171,174,,-95.49560290801693,30.381269252286202
3552653.19979785,-10629521.8887171,175,,-95.48661975517572,30.381269252286202
3552653.19979785,-10628521.8887171,176,,-95.47763660233454,30.381269252286202
3552653.19979785,-10627521.8887171,177,,-95.46865344949335,30.381269252286202
3552653.19979785,-10626521.8887171,178,,-95.45967029665215,30.381269252286202
3552653.19979785,-10625521.8887171,179,,-95.45068714381095,30.381269252286202
3552653.19979785,-10624521.8887171,180,,-95.44170399096976,30.381269252286202
3552653.19979785,-10623521.8887171,181,,-95.43272083812856,30.381269252286202
3552653.19979785,-10622521.8887171,182,,-95.42373768528738,30.381269252286202
3552653.19979785,-10621521.8887171,183,,-95.41475453244618,30.381269252286202
3552653.19979785,-10620521.8887171,184,,-95.40577137960499,30.381269252286202
3552653.19979785,-10619521.8887171,185,,-95.39678822676377,30.381269252286202
3551653.19979785,-10649521.8887171,186,,-95.66628281199964,30.373519367272724
3551653.19979785,-10648521.8887171,187,,-95.65729965915844,30.373519367272724
3551653.19979785,-10647521.8887171,188,,-95.64831650631724,30.373519367272724
3551653.19979785,-10646521.8887171,189,,-95.63933335347605,30.373519367272724
3551653.19979785,-10645521.8887171,190,,-95.63035020063487,30.373519367272724
3551653.19979785,-10644521.8887171,191,,-95.62136704779367,30.373519367272724
3551653.19979785,-10643521.8887171,192,,-95.61238389495247,30.373519367272724
3551653.19979785,-10642521.8887171,193,,-95.60340074211128,30.373519367272724
3551653.19979785,-10641521.8887171,194,,-95.59441758927008,30.373519367272724
3551653.19979785,-10640521.8887171,195,,-95.58543443642887,30.373519367272724
3551653.19979785,-10639521.8887171,196,,-95.57645128358769,30.373519367272724
3551653.19979785,-10638521.8887171,197,,-95.56746813074649,30.373519367272724
3551653.19979785,-10637521.8887171,198,,-95.5584849779053,30.373519367272724
3551653.19979785,-10636521.8887171,199,,-95.5495018250641,30.373519367272724
3551653.19979785,-10635521.8887171,200,,-95.5405186722229,30.373519367272724
3551653.19979785,-10634521.8887171,201,,-95.53153551938172,30.373519367272724
3551653.19979785,-10633521.8887171,202,,-95.52255236654052,30.373519367272724
3551653.19979785,-10632521.8887171,203,,-95.51356921369933,30.373519367272724
3551653.19979785,-10631521.8887171,204,,-95.50458606085813,30.373519367272724
3551653.19979785,-10630521.8887171,205,,-95.49560290801693,30.373519367272724
3551653.19979785,-10629521.8887171,206,,-95.48661975517572,30.373519367272724
3551653.19979785,-10628521.8887171,207,,-95.47763660233454,30.373519367272724
3551653.19979785,-10627521.8887171,208,,-95.46865344949335,30.373519367272724
3551653.19979785,-10626521.8887171,209,,-95.45967029665215,30.373519367272724
3551653.19979785,-10625521.8887171,210,,-95.45068714381095,30.373519367272724
3551653.19979785,-10624521.8887171,211,,-95.44170399096976,30.373519367272724
3551653.19979785,-10623521.8887171,212,,-95.43272083812856,30.373519367272724
3551653.19979785,-10622521.8887171,213,,-95.42373768528738,30.373519367272724
3551653.19979785,-10621521.8887171,214,,-95.41475453244618,30.373519367272724
3551653.19979785,-10620521.8887171,215,,-95.40577137960499,30.373519367272724
3551653.19979785,-10619521.8887171,216,,-95.39678822676377,30.373519367272724
3550653.19979785,-10649521.8887171,217,,-95.66628281199964,30.36576886785271
3550653.19979785,-10648521.8887171,218,,-95.65729965915844,30.36576886785271
3550653.19979785,-10647521.8887171,219,,-95.64831650631724,30.36576886785271
3550653.19979785,-10646521.8887171,220,,-95.63933335347605,30.36576886785271
3550653.19979785,-10645521.8887171,221,,-95.63035020063487,30.36576886785271
3550653.19979785,-10644521.8887171,222,,-95.62136704779367,30.36576886785271
3550653.19979785,-10643521.8887171,223,,-95.61238389495247,30.36576886785271
3550653.19979785,-10642521.8887171,224,,-95.60340074211128,30.36576886785271
3550653.19979785,-10641521.8887171,225,,-95.59441758927008,30.36576886785271
3550653.19979785,-10640521.8887171,226,,-95.58543443642887,30.36576886785271
3550653.19979785,-10639521.8887171,227,,-95.57645128358769,30.36576886785271
3550653.19979785,-10638521.8887171,228,,-95.56746813074649,30.36576886785271
3550653.19979785,-10637521.8887171,229,,-95.5584849779053,30.36576886785271
3550653.19979785,-10636521.8887171,230,,-95.5495018250641,30.36576886785271
3550653.19979785,-10635521.8887171,231,,-95.5405186722229,30.36576886785271
3550653.19979785,-10634521.8887171,232,,-95.53153551938172,30.36576886785271
3550653.19979785,-10633521.8887171,233,,-95.52255236654052,30.36576886785271
3550653.19979785,-10632521.8887171,234,,-95.51356921369933,30.36576886785271
3550653.19979785,-10631521.8887171,235,,-95.50458606085813,30.36576886785271
3550653.19979785,-10630521.8887171,236,,-95.49560290801693,30.36576886785271
3550653.19979785,-10629521.8887171,237,,-95.48661975517572,30.36576886785271
3550653.19979785,-10628521.8887171,238,,-95.47763660233454,30.36576886785271
3550653.19979785,-10627521.8887171,239,,-95.46865344949335,30.36576886785271
3550653.19979785,-10626521.8887171,240,,-95.45967029665215,30.36576886785271
3550653.19979785,-10625521.8887171,241,,-95.45068714381095,30.36576886785271
3550653.19979785,-10624521.8887171,242,,-95.44170399096976,30.36576886785271
3550653.19979785,-10623521.8887171,243,,-95.43272083812856,30.36576886785271
3550653.19979785,-10622521.8887171,244,,-95.42373768528738,30.36576886785271
3550653.19979785,-10621521.8887171,245,,-95.41475453244618,30.36576886785271
3550653.19979785,-10620521.8887171,246,,-95.40577137960499,30.36576886785271
3550653.19979785,-10619521.8887171,247,,-95.39678822676377,30.36576886785271
3549653.19979785,-10649521.8887171,248,,-95.66628281199964,30.358017754119302
3549653.19979785,-10648521.8887171,249,,-95.65729965915844,30.358017754119302
3549653.19979785,-10647521.8887171,250,,-95.64831650631724,30.358017754119302
3549653.19979785,-10646521.8887171,251,,-95.63933335347605,30.358017754119302
3549653.19979785,-10645521.8887171,252,,-95.63035020063487,30.358017754119302
3549653.19979785,-10644521.8887171,253,,-95.62136704779367,30.358017754119302
3549653.19979785,-10643521.8887171,254,,-95.61238389495247,30.358017754119302
3549653.19979785,-10642521.8887171,255,,-95.60340074211128,30.358017754119302
3549653.19979785,-10641521.8887171,256,,-95.59441758927008,30.358017754119302
3549653.19979785,-10640521.8887171,257,,-95.58543443642887,30.358017754119302
3549653.19979785,-10639521.8887171,258,,-95.57645128358769,30.358017754119302
3549653.19979785,-10638521.8887171,259,,-95.56746813074649,30.358017754119302
3549653.19979785,-10637521.8887171,260,,-95.5584849779053,30.358017754119302
3549653.19979785,-10636521.8887171,261,,-95.5495018250641,30.358017754119302
3549653.19979785,-10635521.8887171,262,,-95.5405186722229,30.358017754119302
3549653.19979785,-10634521.8887171,263,,-95.53153551938172,30.358017754119302
3549653.19979785,-10633521.8887171,264,,-95.52255236654052,30.358017754119302
3549653.19979785,-10632521.8887171,265,,-95.51356921369933,30.358017754119302
3549653.19979785,-10631521.8887171,266,,-95.50458606085813,30.358017754119302
3549653.19979785,-10630521.8887171,267,,-95.49560290801693,30.358017754119302
3549653.19979785,-10629521.8887171,268,,-95.48661975517572,30.358017754119302
3549653.19979785,-10628521.8887171,269,,-95.47763660233454,30.358017754119302
3549653.19979785,-10627521.8887171,270,,-95.46865344949335,30.358017754119302
3549653.19979785,-10626521.8887171,271,,-95.45967029665215,30.358017754119302
3549653.19979785,-10625521.8887171,272,,-95.45068714381095,30.358017754119302
3549653.19979785,-10624521.8887171,273,,-95.44170399096976,30.358017754119302
3549653.19979785,-10623521.8887171,274,,-95.43272083812856,30.358017754119302
3549653.19979785,-10622521.8887171,275,,-95.42373768528738,30.358017754119302
3549653.19979785,-10621521.8887171,276,,-95.41475453244618,30.358017754119302
3549653.19979785,-10620521.8887171,277,,-95.40577137960499,30.358017754119302
3549653.19979785,-10619521.8887171,278,,-95.39678822676377,30.358017754119302
3548653.19979785,-10649521.8887171,279,,-95.66628281199964,30.350266026165645
3548653.19979785,-10648521.8887171,280,,-95.65729965915844,30.350266026165645
3548653.19979785,-10647521.8887171,281,,-95.64831650631724,30.350266026165645
3548653.19979785,-10646521.8887171,282,,-95.63933335347605,30.350266026165645
3548653.19979785,-10645521.8887171,283,,-95.63035020063487,30.350266026165645
3548653.19979785,-10644521.8887171,284,,-95.62136704779367,30.350266026165645
3548653.19979785,-10643521.8887171,285,,-95.61238389495247,30.350266026165645
3548653.19979785,-10642521.8887171,286,,-95.60340074211128,30.350266026165645
3548653.19979785,-10641521.8887171,287,,-95.59441758927008,30.350266026165645
3548653.19979785,-10640521.8887171,288,,-95.58543443642887,30.350266026165645
3548653.19979785,-10639521.8887171,289,,-95.57645128358769,30.350266026165645
3548653.19979785,-10638521.8887171,290,,-95.56746813074649,30.350266026165645
3548653.19979785,-10637521.8887171,291,,-95.5584849779053,30.350266026165645
3548653.19979785,-10636521.8887171,292,,-95.5495018250641,30.350266026165645
3548653.19979785,-10635521.8887171,293,,-95.5405186722229,30.350266026165645
3548653.19979785,-10634521.8887171,294,,-95.53153551938172,30.350266026165645
3548653.19979785,-10633521.8887171,295,,-95.52255236654052,30.350266026165645
3548653.19979785,-10632521.8887171,296,,-95.51356921369933,30.350266026165645
3548653.19979785,-10631521.8887171,297,,-95.50458606085813,30.350266026165645
3548653.19979785,-10630521.8887171,298,,-95.49560290801693,30.350266026165645
3548653.19979785,-10629521.8887171,299,,-95.48661975517572,30.350266026165645
3548653.19979785,-10628521.8887171,300,,-95.47763660233454,30.350266026165645
3548653.19979785,-10627521.8887171,301,,-95.46865344949335,30.350266026165645
3548653.19979785,-10626521.8887171,302,,-95.45967029665215,30.350266026165645
3548653.19979785,-10625521.8887171,303,,-95.45068714381095,30.350266026165645
3548653.19979785,-10624521.8887171,304,,-95.44170399096976,30.350266026165645
3548653.19979785,-10623521.8887171,305,,-95.43272083812856,30.350266026165645
3548653.19979785,-10622521.8887171,306,,-95.42373768528738,30.350266026165645
3548653.19979785,-10621521.8887171,307,,-95.41475453244618,30.350266026165645
3548653.19979785,-10620521.8887171,308,,-95.40577137960499,30.350266026165645
3548653.19979785,-10619521.8887171,309,,-95.39678822676377,30.350266026165645
3547653.19979785,-10649521.8887171,310,,-95.66628281199964,30.342513684084995
3547653.19979785,-10648521.8887171,311,,-95.65729965915844,30.342513684084995
3547653.19979785,-10647521.8887171,312,,-95.64831650631724,30.342513684084995
3547653.19979785,-10646521.8887171,313,,-95.63933335347605,30.342513684084995
3547653.19979785,-10645521.8887171,314,,-95.63035020063487,30.342513684084995
3547653.19979785,-10644521.8887171,315,,-95.62136704779367,30.342513684084995
3547653.19979785,-10643521.8887171,316,,-95.61238389495247,30.342513684084995
3547653.19979785,-10642521.8887171,317,,-95.60340074211128,30.342513684084995
3547653.19979785,-10641521.8887171,318,,-95.59441758927008,30.342513684084995
3547653.19979785,-10640521.8887171,319,,-95.58543443642887,30.342513684084995
3547653.19979785,-10639521.8887171,320,,-95.57645128358769,30.342513684084995
3547653.19979785,-10638521.8887171,321,,-95.56746813074649,30.342513684084995
3547653.19979785,-10637521.8887171,322,,-95.5584849779053,30.342513684084995
3547653.19979785,-10636521.8887171,323,,-95.5495018250641,30.342513684084995
3547653.19979785,-10635521.8887171,324,,-95.5405186722229,30.342513684084995
3547653.19979785,-10634521.8887171,325,,-95.53153551938172,30.342513684084995
3547653.19979785,-10633521.8887171,326,,-95.52255236654052,30.342513684084995
3547653.19979785,-10632521.8887171,327,,-95.51356921369933,30.342513684084995
3547653.19979785,-10631521.8887171,328,,-95.50458606085813,30.342513684084995
3547653.19979785,-10630521.8887171,329,,-95.49560290801693,30.342513684084995
3547653.19979785,-10629521.8887171,330,,-95.48661975517572,30.342513684084995
3547653.19979785,-10628521.8887171,331,,-95.47763660233454,30.342513684084995
3547653.19979785,-10627521.8887171,332,,-95.46865344949335,30.342513684084995
3547653.19979785,-10626521.8887171,333,,-95.45967029665215,30.342513684084995
3547653.19979785,-10625521.8887171,334,,-95.45068714381095,30.342513684084995
3547653.19979785,-10624521.8887171,335,,-95.44170399096976,30.342513684084995
3547653.19979785,-10623521.8887171,336,,-95.43272083812856,30.342513684084995
3547653.19979785,-10622521.8887171,337,,-95.42373768528738,30.342513684084995
3547653.19979785,-10621521.8887171,338,,-95.41475453244618,30.342513684084995
3547653.19979785,-10620521.8887171,339,,-95.40577137960499,30.342513684084995
3547653.19979785,-10619521.8887171,340,,-95.39678822676377,30.342513684084995
3546653.19979785,-10649521.8887171,341,,-95.66628281199964,30.334760727970625
3546653.19979785,-10648521.8887171,342,,-95.65729965915844,30.334760727970625
3546653.19979785,-10647521.8887171,343,,-95.64831650631724,30.334760727970625
3546653.19979785,-10646521.8887171,344,,-95.63933335347605,30.334760727970625
3546653.19979785,-10645521.8887171,345,,-95.63035020063487,30.334760727970625
3546653.19979785,-10644521.8887171,346,,-95.62136704779367,30.334760727970625
3546653.19979785,-10643521.8887171,347,,-95.61238389495247,30.334760727970625
3546653.19979785,-10642521.8887171,348,,-95.60340074211128,30.334760727970625
3546653.19979785,-10641521.8887171,349,,-95.59441758927008,30.334760727970625
3546653.19979785,-10640521.8887171,350,,-95.58543443642887,30.334760727970625
3546653.19979785,-10639521.8887171,351,,-95.57645128358769,30.334760727970625
3546653.19979785,-10638521.8887171,352,,-95.56746813074649,30.334760727970625
3546653.19979785,-10637521.8887171,353,,-95.5584849779053,30.334760727970625
3546653.19979785,-10636521.8887171,354,,-95.5495018250641,30.334760727970625
3546653.19979785,-10635521.8887171,355,,-95.5405186722229,30.334760727970625
3546653.19979785,-10634521.8887171,356,,-95.53153551938172,30.334760727970625
3546653.19979785,-10633521.8887171,357,,-95.52255236654052,30.334760727970625
3546653.19979785,-10632521.8887171,358,,-95.51356921369933,30.334760727970625
3546653.19979785,-10631521.8887171,359,,-95.50458606085813,30.334760727970625
3546653.19979785,-10630521.8887171,360,,-95.49560290801693,30.334760727970625
3546653.19979785,-10629521.8887171,361,,-95.48661975517572,30.334760727970625
3546653.19979785,-10628521.8887171,362,,-95.47763660233454,30.334760727970625
3546653.19979785,-10627521.8887171,363,,-95.46865344949335,30.334760727970625
3546653.19979785,-10626521.8887171,364,,-95.45967029665215,30.334760727970625
3546653.19979785,-10625521.8887171,365,,-95.45068714381095,30.334760727970625
3546653.19979785,-10624521.8887171,366,,-95.44170399096976,30.334760727970625
3546653.19979785,-10623521.8887171,367,,-95.43272083812856,30.334760727970625
3546653.19979785,-10622521.8887171,368,,-95.42373768528738,30.334760727970625
3546653.19979785,-10621521.8887171,369,,-95.41475453244618,30.334760727970625
3546653.19979785,-10620521.8887171,370,,-95.40577137960499,30.334760727970625
3546653.19979785,-10619521.8887171,371,,-95.39678822676377,30.334760727970625
3545653.19979785,-10649521.8887171,372,,-95.66628281199964,30.327007157915858
3545653.19979785,-10648521.8887171,373,,-95.65729965915844,30.327007157915858
3545653.19979785,-10647521.8887171,374,,-95.64831650631724,30.327007157915858
3545653.19979785,-10646521.8887171,375,,-95.63933335347605,30.327007157915858
3545653.19979785,-10645521.8887171,376,,-95.63035020063487,30.327007157915858
3545653.19979785,-10644521.8887171,377,,-95.62136704779367,30.327007157915858
3545653.19979785,-10643521.8887171,378,,-95.61238389495247,30.327007157915858
3545653.19979785,-10642521.8887171,379,,-95.60340074211128,30.327007157915858
3545653.19979785,-10641521.8887171,380,,-95.59441758927008,30.327007157915858
3545653.19979785,-10640521.8887171,381,,-95.58543443642887,30.327007157915858
3545653.19979785,-10639521.8887171,382,,-95.57645128358769,30.327007157915858
3545653.19979785,-10638521.8887171,383,,-95.56746813074649,30.327007157915858
3545653.19979785,-10637521.8887171,384,,-95.5584849779053,30.327007157915858
3545653.19979785,-10636521.8887171,385,,-95.5495018250641,30.327007157915858
3545653.19979785,-10635521.8887171,386,,-95.5405186722229,30.327007157915858
3545653.19979785,-10634521.8887171,387,,-95.53153551938172,30.327007157915858
3545653.19979785,-10633521.8887171,388,,-95.52255236654052,30.327007157915858
3545653.19979785,-10632521.8887171,389,,-95.51356921369933,30.327007157915858
3545653.19979785,-10631521.8887171,390,,-95.50458606085813,30.327007157915858
3545653.19979785,-10630521.8887171,391,,-95.49560290801693,30.327007157915858
3545653.19979785,-10629521.8887171,392,,-95.48661975517572,30.327007157915858
3545653.19979785,-10628521.8887171,393,,-95.47763660233454,30.327007157915858
3545653.19979785,-10627521.8887171,394,,-95.46865344949335,30.327007157915858
3545653.19979785,-10626521.8887171,395,,-95.45967029665215,30.327007157915858
3545653.19979785,-10625521.8887171,396,,-95.45068714381095,30.327007157915858
3545653.19979785,-10624521.8887171,397,,-95.44170399096976,30.327007157915858
3545653.19979785,-10623521.8887171,398,,-95.43272083812856,30.327007157915858
3545653.19979785,-10622521.8887171,399,,-95.42373768528738,30.327007157915858
3545653.19979785,-10621521.8887171,400,,-95.41475453244618,30.327007157915858
3545653.19979785,-10620521.8887171,401,,-95.40577137960499,30.327007157915858
3545653.19979785,-10619521.8887171,402,,-95.39678822676377,30.327007157915858
3544653.19979785,-10649521.8887171,403,,-95.66628281199964,30.31925297401408
3544653.19979785,-10648521.8887171,404,,-95.65729965915844,30.31925297401408
3544653.19979785,-10647521.8887171,405,,-95.64831650631724,30.31925297401408
3544653.19979785,-10646521.8887171,406,,-95.63933335347605,30.31925297401408
3544653.19979785,-10645521.8887171,407,,-95.63035020063487,30.31925297401408
3544653.19979785,-10644521.8887171,408,,-95.62136704779367,30.31925297401408
3544653.19979785,-10643521.8887171,409,,-95.61238389495247,30.31925297401408
3544653.19979785,-10642521.8887171,410,,-95.60340074211128,30.31925297401408
3544653.19979785,-10641521.8887171,411,,-95.59441758927008,30.31925297401408
3544653.19979785,-10640521.8887171,412,,-95.58543443642887,30.31925297401408
3544653.19979785,-10639521.8887171,413,,-95.57645128358769,30.31925297401408
3544653.19979785,-10638521.8887171,414,,-95.56746813074649,30.31925297401408
3544653.19979785,-10637521.8887171,415,,-95.5584849779053,30.31925297401408
3544653.19979785,-10636521.8887171,416,,-95.5495018250641,30.31925297401408
3544653.19979785,-10635521.8887171,417,,-95.5405186722229,30.31925297401408
3544653.19979785,-10634521.8887171,418,,-95.53153551938172,30.31925297401408
3544653.19979785,-10633521.8887171,419,,-95.52255236654052,30.31925297401408
3544653.19979785,-10632521.8887171,420,,-95.51356921369933,30.31925297401408
3544653.19979785,-10631521.8887171,421,,-95.50458606085813,30.31925297401408
3544653.19979785,-10630521.8887171,422,,-95.49560290801693,30.31925297401408
3544653.19979785,-10629521.8887171,423,,-95.48661975517572,30.31925297401408
3544653.19979785,-10628521.8887171,424,,-95.47763660233454,30.31925297401408
3544653.19979785,-10627521.8887171,425,,-95.46865344949335,30.31925297401408
3544653.19979785,-10626521.8887171,426,,-95.45967029665215,30.31925297401408
3544653.19979785,-10625521.8887171,427,,-95.45068714381095,30.31925297401408
3544653.19979785,-10624521.8887171,428,,-95.44170399096976,30.31925297401408
3544653.19979785,-10623521.8887171,429,,-95.43272083812856,30.31925297401408
3544653.19979785,-10622521.8887171,430,,-95.42373768528738,30.31925297401408
3544653.19979785,-10621521.8887171,431,,-95.41475453244618,30.31925297401408
3544653.19979785,-10620521.8887171,432,,-95.40577137960499,30.31925297401408
3544653.19979785,-10619521.8887171,433,,-95.39678822676377,30.31925297401408
3543653.19979785,-10649521.8887171,434,,-95.66628281199964,30.311498176358747
3543653.19979785,-10648521.8887171,435,,-95.65729965915844,30.311498176358747
3543653.19979785,-10647521.8887171,436,,-95.64831650631724,30.311498176358747
3543653.19979785,-10646521.8887171,437,,-95.63933335347605,30.311498176358747
3543653.19979785,-10645521.8887171,438,,-95.63035020063487,30.311498176358747
3543653.19979785,-10644521.8887171,439,,-95.62136704779367,30.311498176358747
3543653.19979785,-10643521.8887171,440,,-95.61238389495247,30.311498176358747
3543653.19979785,-10642521.8887171,441,,-95.60340074211128,30.311498176358747
3543653.19979785,-10641521.8887171,442,,-95.59441758927008,30.311498176358747
3543653.19979785,-10640521.8887171,443,,-95.58543443642887,30.311498176358747
3543653.19979785,-10639521.8887171,444,,-95.57645128358769,30.311498176358747
3543653.19979785,-10638521.8887171,445,,-95.56746813074649,30.311498176358747
3543653.19979785,-10637521.8887171,446,,-95.5584849779053,30.311498176358747
3543653.19979785,-10636521.8887171,447,,-95.5495018250641,30.311498176358747
3543653.19979785,-10635521.8887171,448,,-95.5405186722229,30.311498176358747
3543653.19979785,-10634521.8887171,449,,-95.53153551938172,30.311498176358747
3543653.19979785,-10633521.8887171,450,,-95.52255236654052,30.311498176358747
3543653.19979785,-10632521.8887171,451,,-95.51356921369933,30.311498176358747
3543653.19979785,-10631521.8887171,452,,-95.50458606085813,30.311498176358747
3543653.19979785,-10630521.8887171,453,,-95.49560290801693,30.311498176358747
3543653.19979785,-10629521.8887171,454,,-95.48661975517572,30.311498176358747
3543653.19979785,-10628521.8887171,455,,-95.47763660233454,30.311498176358747
3543653.19979785,-10627521.8887171,456,,-95.46865344949335,30.311498176358747
3543653.19979785,-10626521.8887171,457,,-95.45967029665215,30.311498176358747
3543653.19979785,-10625521.8887171,458,,-95.45068714381095,30.311498176358747
3543653.19979785,-10624521.8887171,459,,-95.44170399096976,30.311498176358747
3543653.19979785,-10623521.8887171,460,,-95.43272083812856,30.311498176358747
3543653.19979785,-10622521.8887171,461,,-95.42373768528738,30.311498176358747
3543653.19979785,-10621521.8887171,462,,-95.41475453244618,30.311498176358747
3543653.19979785,-10620521.8887171,463,,-95.40577137960499,30.311498176358747
3543653.19979785,-10619521.8887171,464,,-95.39678822676377,30.311498176358747
3542653.19979785,-10649521.8887171,465,,-95.66628281199964,30.30374276504333
3542653.19979785,-10648521.8887171,466,,-95.65729965915844,30.30374276504333
3542653.19979785,-10647521.8887171,467,,-95.64831650631724,30.30374276504333
3542653.19979785,-10646521.8887171,468,,-95.63933335347605,30.30374276504333
3542653.19979785,-10645521.8887171,469,,-95.63035020063487,30.30374276504333
3542653.19979785,-10644521.8887171,470,,-95.62136704779367,30.30374276504333
3542653.19979785,-10643521.8887171,471,,-95.61238389495247,30.30374276504333
3542653.19979785,-10642521.8887171,472,,-95.60340074211128,30.30374276504333
3542653.19979785,-10641521.8887171,473,,-95.59441758927008,30.30374276504333
3542653.19979785,-10640521.8887171,474,,-95.58543443642887,30.30374276504333
3542653.19979785,-10639521.8887171,475,,-95.57645128358769,30.30374276504333
3542653.19979785,-10638521.8887171,476,,-95.56746813074649,30.30374276504333
3542653.19979785,-10637521.8887171,477,,-95.5584849779053,30.30374276504333
3542653.19979785,-10636521.8887171,478,,-95.5495018250641,30.30374276504333
3542653.19979785,-10635521.8887171,479,,-95.5405186722229,30.30374276504333
3542653.19979785,-10634521.8887171,480,,-95.53153551938172,30.30374276504333
3542653.19979785,-10633521.8887171,481,,-95.52255236654052,30.30374276504333
3542653.19979785,-10632521.8887171,482,,-95.51356921369933,30.30374276504333
3542653.19979785,-10631521.8887171,483,,-95.50458606085813,30.30374276504333
3542653.19979785,-10630521.8887171,484,,-95.49560290801693,30.30374276504333
3542653.19979785,-10629521.8887171,485,,-95.48661975517572,30.30374276504333
3542653.19979785,-10628521.8887171,486,,-95.47763660233454,30.30374276504333
3542653.19979785,-10627521.8887171,487,,-95.46865344949335,30.30374276504333
3542653.19979785,-10626521.8887171,488,,-95.45967029665215,30.30374276504333
3542653.19979785,-10625521.8887171,489,,-95.45068714381095,30.30374276504333
3542653.19979785,-10624521.8887171,490,,-95.44170399096976,30.30374276504333
3542653.19979785,-10623521.8887171,491,,-95.43272083812856,30.30374276504333
3542653.19979785,-10622521.8887171,492,,-95.42373768528738,30.30374276504333
3542653.19979785,-10621521.8887171,493,,-95.41475453244618,30.30374276504333
3542653.19979785,-10620521.8887171,494,,-95.40577137960499,30.30374276504333
3542653.19979785,-10619521.8887171,495,,-95.39678822676377,30.30374276504333
3541653.19979785,-10649521.8887171,496,,-95.66628281199964,30.295986740161382
3541653.19979785,-10648521.8887171,497,,-95.65729965915844,30.295986740161382
3541653.19979785,-10647521.8887171,498,,-95.64831650631724,30.295986740161382
3541653.19979785,-10646521.8887171,499,,-95.63933335347605,30.295986740161382
3541653.19979785,-10645521.8887171,500,,-95.63035020063487,30.295986740161382
3541653.19979785,-10644521.8887171,501,,-95.62136704779367,30.295986740161382
3541653.19979785,-10643521.8887171,502,,-95.61238389495247,30.295986740161382
3541653.19979785,-10642521.8887171,503,,-95.60340074211128,30.295986740161382
3541653.19979785,-10641521.8887171,504,,-95.59441758927008,30.295986740161382
3541653.19979785,-10640521.8887171,505,,-95.58543443642887,30.295986740161382
3541653.19979785,-10639521.8887171,506,,-95.57645128358769,30.295986740161382
3541653.19979785,-10638521.8887171,507,,-95.56746813074649,30.295986740161382
3541653.19979785,-10637521.8887171,508,,-95.5584849779053,30.295986740161382
3541653.19979785,-10636521.8887171,509,,-95.5495018250641,30.295986740161382
3541653.19979785,-10635521.8887171,510,,-95.5405186722229,30.295986740161382
3541653.19979785,-10634521.8887171,511,,-95.53153551938172,30.295986740161382
3541653.19979785,-10633521.8887171,512,,-95.52255236654052,30.295986740161382
3541653.19979785,-10632521.8887171,513,,-95.51356921369933,30.295986740161382
3541653.19979785,-10631521.8887171,514,,-95.50458606085813,30.295986740161382
3541653.19979785,-10630521.8887171,515,,-95.49560290801693,30.295986740161382
3541653.19979785,-10629521.8887171,516,,-95.48661975517572,30.295986740161382
3541653.19979785,-10628521.8887171,517,,-95.47763660233454,30.295986740161382
3541653.19979785,-10627521.8887171,518,,-95.46865344949335,30.295986740161382
3541653.19979785,-10626521.8887171,519,,-95.45967029665215,30.295986740161382
3541653.19979785,-10625521.8887171,520,,-95.45068714381095,30.295986740161382
3541653.19979785,-10624521.8887171,521,,-95.44170399096976,30.295986740161382
3541653.19979785,-10623521.8887171,522,,-95.43272083812856,30.295986740161382
3541653.19979785,-10622521.8887171,523,,-95.42373768528738,30.295986740161382
3541653.19979785,-10621521.8887171,524,,-95.41475453244618,30.295986740161382
3541653.19979785,-10620521.8887171,525,,-95.40577137960499,30.295986740161382
3541653.19979785,-10619521.8887171,526,,-95.39678822676377,30.295986740161382
3540653.19979785,-10649521.8887171,527,,-95.66628281199964,30.288230101806494
3540653.19979785,-10648521.8887171,528,,-95.65729965915844,30.288230101806494
3540653.19979785,-10647521.8887171,529,,-95.64831650631724,30.288230101806494
3540653.19979785,-10646521.8887171,530,,-95.63933335347605,30.288230101806494
3540653.19979785,-10645521.8887171,531,,-95.63035020063487,30.288230101806494
3540653.19979785,-10644521.8887171,532,,-95.62136704779367,30.288230101806494
3540653.19979785,-10643521.8887171,533,,-95.61238389495247,30.288230101806494
3540653.19979785,-10642521.8887171,534,,-95.60340074211128,30.288230101806494
3540653.19979785,-10641521.8887171,535,,-95.59441758927008,30.288230101806494
3540653.19979785,-10640521.8887171,536,,-95.58543443642887,30.288230101806494
3540653.19979785,-10639521.8887171,537,,-95.57645128358769,30.288230101806494
3540653.19979785,-10638521.8887171,538,,-95.56746813074649,30.288230101806494
3540653.19979785,-10637521.8887171,539,,-95.5584849779053,30.288230101806494
3540653.19979785,-10636521.8887171,540,,-95.5495018250641,30.288230101806494
3540653.19979785,-10635521.8887171,541,,-95.5405186722229,30.288230101806494
3540653.19979785,-10634521.8887171,542,,-95.53153551938172,30.288230101806494
3540653.19979785,-10633521.8887171,543,,-95.52255236654052,30.288230101806494
3540653.19979785,-10632521.8887171,544,,-95.51356921369933,30.288230101806494
3540653.19979785,-10631521.8887171,545,,-95.50458606085813,30.288230101806494
3540653.19979785,-10630521.8887171,546,,-95.49560290801693,30.288230101806494
3540653.19979785,-10629521.8887171,547,,-95.48661975517572,30.288230101806494
3540653.19979785,-10628521.8887171,548,,-95.47763660233454,30.288230101806494
3540653.19979785,-10627521.8887171,549,,-95.46865344949335,30.288230101806494
3540653.19979785,-10626521.8887171,550,,-95.45967029665215,30.288230101806494
3540653.19979785,-10625521.8887171,551,,-95.45068714381095,30.288230101806494
3540653.19979785,-10624521.8887171,552,,-95.44170399096976,30.288230101806494
3540653.19979785,-10623521.8887171,553,,-95.43272083812856,30.288230101806494
3540653.19979785,-10622521.8887171,554,,-95.42373768528738,30.288230101806494
3540653.19979785,-10621521.8887171,555,,-95.41475453244618,30.288230101806494
3540653.19979785,-10620521.8887171,556,,-95.40577137960499,30.288230101806494
3540653.19979785,-10619521.8887171,557,,-95.39678822676377,30.288230101806494
3539653.19979785,-10649521.8887171,558,,-95.66628281199964,30.280472850072304
3539653.19979785,-10648521.8887171,559,,-95.65729965915844,30.280472850072304
3539653.19979785,-10647521.8887171,560,,-95.64831650631724,30.280472850072304
3539653.19979785,-10646521.8887171,561,,-95.63933335347605,30.280472850072304
3539653.19979785,-10645521.8887171,562,,-95.63035020063487,30.280472850072304
3539653.19979785,-10644521.8887171,563,,-95.62136704779367,30.280472850072304
3539653.19979785,-10643521.8887171,564,,-95.61238389495247,30.280472850072304
3539653.19979785,-10642521.8887171,565,,-95.60340074211128,30.280472850072304
3539653.19979785,-10641521.8887171,566,,-95.59441758927008,30.280472850072304
3539653.19979785,-10640521.8887171,567,,-95.58543443642887,30.280472850072304
3539653.19979785,-10639521.8887171,568,,-95.57645128358769,30.280472850072304
3539653.19979785,-10638521.8887171,569,,-95.56746813074649,30.280472850072304
3539653.19979785,-10637521.8887171,570,,-95.5584849779053,30.280472850072304
3539653.19979785,-10636521.8887171,571,,-95.5495018250641,30.280472850072304
3539653.19979785,-10635521.8887171,572,,-95.5405186722229,30.280472850072304
3539653.19979785,-10634521.8887171,573,,-95.53153551938172,30.280472850072304
3539653.19979785,-10633521.8887171,574,,-95.52255236654052,30.280472850072304
3539653.19979785,-10632521.8887171,575,,-95.51356921369933,30.280472850072304
3539653.19979785,-10631521.8887171,576,,-95.50458606085813,30.280472850072304
3539653.19979785,-10630521.8887171,577,,-95.49560290801693,30.280472850072304
3539653.19979785,-10629521.8887171,578,,-95.48661975517572,30.280472850072304
3539653.19979785,-10628521.8887171,579,,-95.47763660233454,30.280472850072304
3539653.19979785,-10627521.8887171,580,,-95.46865344949335,30.280472850072304
3539653.19979785,-10626521.8887171,581,,-95.45967029665215,30.280472850072304
3539653.19979785,-10625521.8887171,582,,-95.45068714381095,30.280472850072304
3539653.19979785,-10624521.8887171,583,,-95.44170399096976,30.280472850072304
3539653.19979785,-10623521.8887171,584,,-95.43272083812856,30.280472850072304
3539653.19979785,-10622521.8887171,585,,-95.42373768528738,30.280472850072304
3539653.19979785,-10621521.8887171,586,,-95.41475453244618,30.280472850072304
3539653.19979785,-10620521.8887171,587,,-95.40577137960499,30.280472850072304
3539653.19979785,-10619521.8887171,588,,-95.39678822676377,30.280472850072304
3538653.19979785,-10649521.8887171,589,,-95.66628281199964,30.27271498505253
3538653.19979785,-10648521.8887171,590,,-95.65729965915844,30.27271498505253
3538653.19979785,-10647521.8887171,591,,-95.64831650631724,30.27271498505253
3538653.19979785,-10646521.8887171,592,,-95.63933335347605,30.27271498505253
3538653.19979785,-10645521.8887171,593,,-95.63035020063487,30.27271498505253
3538653.19979785,-10644521.8887171,594,,-95.62136704779367,30.27271498505253
3538653.19979785,-10643521.8887171,595,,-95.61238389495247,30.27271498505253
3538653.19979785,-10642521.8887171,596,,-95.60340074211128,30.27271498505253
3538653.19979785,-10641521.8887171,597,,-95.59441758927008,30.27271498505253
3538653.19979785,-10640521.8887171,598,,-95.58543443642887,30.27271498505253
3538653.19979785,-10639521.8887171,599,,-95.57645128358769,30.27271498505253
3538653.19979785,-10638521.8887171,600,,-95.56746813074649,30.27271498505253
3538653.19979785,-10637521.8887171,601,,-95.5584849779053,30.27271498505253
3538653.19979785,-10636521.8887171,602,,-95.5495018250641,30.27271498505253
3538653.19979785,-10635521.8887171,603,,-95.5405186722229,30.27271498505253
3538653.19979785,-10634521.8887171,604,,-95.53153551938172,30.27271498505253
3538653.19979785,-10633521.8887171,605,,-95.52255236654052,30.27271498505253
3538653.19979785,-10632521.8887171,606,,-95.51356921369933,30.27271498505253
3538653.19979785,-10631521.8887171,607,,-95.50458606085813,30.27271498505253
3538653.19979785,-10630521.8887171,608,,-95.49560290801693,30.27271498505253
3538653.19979785,-10629521.8887171,609,,-95.48661975517572,30.27271498505253
3538653.19979785,-10628521.8887171,610,,-95.47763660233454,30.27271498505253
3538653.19979785,-10627521.8887171,611,,-95.46865344949335,30.27271498505253
3538653.19979785,-10626521.8887171,612,,-95.45967029665215,30.27271498505253
3538653.19979785,-10625521.8887171,613,,-95.45068714381095,30.27271498505253
3538653.19979785,-10624521.8887171,614,,-95.44170399096976,30.27271498505253
3538653.19979785,-10623521.8887171,615,,-95.43272083812856,30.27271498505253
3538653.19979785,-10622521.8887171,616,,-95.42373768528738,30.27271498505253
3538653.19979785,-10621521.8887171,617,,-95.41475453244618,30.27271498505253
3538653.19979785,-10620521.8887171,618,,-95.40577137960499,30.27271498505253
3538653.19979785,-10619521.8887171,619,,-95.39678822676377,30.27271498505253
3537653.19979785,-10649521.8887171,620,,-95.66628281199964,30.264956506840914
3537653.19979785,-10648521.8887171,621,,-95.65729965915844,30.264956506840914
3537653.19979785,-10647521.8887171,622,,-95.64831650631724,30.264956506840914
3537653.19979785,-10646521.8887171,623,,-95.63933335347605,30.264956506840914
3537653.19979785,-10645521.8887171,624,,-95.63035020063487,30.264956506840914
3537653.19979785,-10644521.8887171,625,,-95.62136704779367,30.264956506840914
3537653.19979785,-10643521.8887171,626,,-95.61238389495247,30.264956506840914
3537653.19979785,-10642521.8887171,627,,-95.60340074211128,30.264956506840914
3537653.19979785,-10641521.8887171,628,,-95.59441758927008,30.264956506840914
3537653.19979785,-10640521.8887171,629,,-95.58543443642887,30.264956506840914
3537653.19979785,-10639521.8887171,630,,-95.57645128358769,30.264956506840914
3537653.19979785,-10638521.8887171,631,,-95.56746813074649,30.264956506840914
3537653.19979785,-10637521.8887171,632,,-95.5584849779053,30.264956506840914
3537653.19979785,-10636521.8887171,633,,-95.5495018250641,30.264956506840914
3537653.19979785,-10635521.8887171,634,,-95.5405186722229,30.264956506840914
3537653.19979785,-10634521.8887171,635,,-95.53153551938172,30.264956506840914
3537653.19979785,-10633521.8887171,636,,-95.52255236654052,30.264956506840914
3537653.19979785,-10632521.8887171,637,,-95.51356921369933,30.264956506840914
3537653.19979785,-10631521.8887171,638,,-95.50458606085813,30.264956506840914
3537653.19979785,-10630521.8887171,639,,-95.49560290801693,30.264956506840914
3537653.19979785,-10629521.8887171,640,,-95.48661975517572,30.264956506840914
3537653.19979785,-10628521.8887171,641,,-95.47763660233454,30.264956506840914
3537653.19979785,-10627521.8887171,642,,-95.46865344949335,30.264956506840914
3537653.19979785,-10626521.8887171,643,,-95.45967029665215,30.264956506840914
3537653.19979785,-10625521.8887171,644,,-95.45068714381095,30.264956506840914
3537653.19979785,-10624521.8887171,645,,-95.44170399096976,30.264956506840914
3537653.19979785,-10623521.8887171,646,,-95.43272083812856,30.264956506840914
3537653.19979785,-10622521.8887171,647,,-95.42373768528738,30.264956506840914
3537653.19979785,-10621521.8887171,648,,-95.41475453244618,30.264956506840914
3537653.19979785,-10620521.8887171,649,,-95.40577137960499,30.264956506840914
3537653.19979785,-10619521.8887171,650,,-95.39678822676377,30.264956506840914
3536653.19979785,-10649521.8887171,651,,-95.66628281199964,30.257197415531255
3536653.19979785,-10648521.8887171,652,,-95.65729965915844,30.257197415531255
3536653.19979785,-10647521.8887171,653,,-95.64831650631724,30.257197415531255
3536653.19979785,-10646521.8887171,654,,-95.63933335347605,30.257197415531255
3536653.19979785,-10645521.8887171,655,,-95.63035020063487,30.257197415531255
3536653.19979785,-10644521.8887171,656,,-95.62136704779367,30.257197415531255
3536653.19979785,-10643521.8887171,657,,-95.61238389495247,30.257197415531255
3536653.19979785,-10642521.8887171,658,,-95.60340074211128,30.257197415531255
3536653.19979785,-10641521.8887171,659,,-95.59441758927008,30.257197415531255
3536653.19979785,-10640521.8887171,660,,-95.58543443642887,30.257197415531255
3536653.19979785,-10639521.8887171,661,,-95.57645128358769,30.257197415531255
3536653.19979785,-10638521.8887171,662,,-95.56746813074649,30.257197415531255
3536653.19979785,-10637521.8887171,663,,-95.5584849779053,30.257197415531255
3536653.19979785,-10636521.8887171,664,,-95.5495018250641,30.257197415531255
3536653.19979785,-10635521.8887171,665,,-95.5405186722229,30.257197415531255
3536653.19979785,-10634521.8887171,666,,-95.53153551938172,30.257197415531255
3536653.19979785,-10633521.8887171,667,,-95.52255236654052,30.257197415531255
3536653.19979785,-10632521.8887171,668,,-95.51356921369933,30.257197415531255
3536653.19979785,-10631521.8887171,669,,-95.50458606085813,30.257197415531255
3536653.19979785,-10630521.8887171,670,,-95.49560290801693,30.257197415531255
3536653.19979785,-10629521.8887171,671,,-95.48661975517572,30.257197415531255
3536653.19979785,-10628521.8887171,672,,-95.47763660233454,30.257197415531255
3536653.19979785,-10627521.8887171,673,,-95.46865344949335,30.257197415531255
3536653.19979785,-10626521.8887171,674,,-95.45967029665215,30.257197415531255
3536653.19979785,-10625521.8887171,675,,-95.45068714381095,30.257197415531255
3536653.19979785,-10624521.8887171,676,,-95.44170399096976,30.257197415531255
3536653.19979785,-10623521.8887171,677,,-95.43272083812856,30.257197415531255
3536653.19979785,-10622521.8887171,678,,-95.42373768528738,30.257197415531255
3536653.19979785,-10621521.8887171,679,,-95.41475453244618,30.257197415531255
3536653.19979785,-10620521.8887171,680,,-95.40577137960499,30.257197415531255
3536653.19979785,-10619521.8887171,681,,-95.39678822676377,30.257197415531255
3535653.19979785,-10649521.8887171,682,,-95.66628281199964,30.249437711217414
3535653.19979785,-10648521.8887171,683,,-95.65729965915844,30.249437711217414
3535653.19979785,-10647521.8887171,684,,-95.64831650631724,30.249437711217414
3535653.19979785,-10646521.8887171,685,,-95.63933335347605,30.249437711217414
3535653.19979785,-10645521.8887171,686,,-95.63035020063487,30.249437711217414
3535653.19979785,-10644521.8887171,687,,-95.62136704779367,30.249437711217414
3535653.19979785,-10643521.8887171,688,,-95.61238389495247,30.249437711217414
3535653.19979785,-10642521.8887171,689,,-95.60340074211128,30.249437711217414
3535653.19979785,-10641521.8887171,690,,-95.59441758927008,30.249437711217414
3535653.19979785,-10640521.8887171,691,,-95.58543443642887,30.249437711217414
3535653.19979785,-10639521.8887171,692,,-95.57645128358769,30.249437711217414
3535653.19979785,-10638521.8887171,693,,-95.56746813074649,30.249437711217414
3535653.19979785,-10637521.8887171,694,,-95.5584849779053,30.249437711217414
3535653.19979785,-10636521.8887171,695,,-95.5495018250641,30.249437711217414
3535653.19979785,-10635521.8887171,696,,-95.5405186722229,30.249437711217414
3535653.19979785,-10634521.8887171,697,,-95.53153551938172,30.249437711217414
3535653.19979785,-10633521.8887171,698,,-95.52255236654052,30.249437711217414
3535653.19979785,-10632521.8887171,699,,-95.51356921369933,30.249437711217414
3535653.19979785,-10631521.8887171,700,,-95.50458606085813,30.249437711217414
3535653.19979785,-10630521.8887171,701,,-95.49560290801693,30.249437711217414
3535653.19979785,-10629521.8887171,702,,-95.48661975517572,30.249437711217414
3535653.19979785,-10628521.8887171,703,,-95.47763660233454,30.249437711217414
3535653.19979785,-10627521.8887171,704,,-95.46865344949335,30.249437711217414
3535653.19979785,-10626521.8887171,705,,-95.45967029665215,30.249437711217414
3535653.19979785,-10625521.8887171,706,,-95.45068714381095,30.249437711217414
3535653.19979785,-10624521.8887171,707,,-95.44170399096976,30.249437711217414
3535653.19979785,-10623521.8887171,708,,-95.43272083812856,30.249437711217414
3535653.19979785,-10622521.8887171,709,,-95.42373768528738,30.249437711217414
3535653.19979785,-10621521.8887171,710,,-95.41475453244618,30.249437711217414
3535653.19979785,-10620521.8887171,711,,-95.40577137960499,30.249437711217414
3535653.19979785,-10619521.8887171,712,,-95.39678822676377,30.249437711217414
3534653.19979785,-10649521.8887171,713,,-95.66628281199964,30.241677393993314
3534653.19979785,-10648521.8887171,714,,-95.65729965915844,30.241677393993314
3534653.19979785,-10647521.8887171,715,,-95.64831650631724,30.241677393993314
3534653.19979785,-10646521.8887171,716,,-95.63933335347605,30.241677393993314
3534653.19979785,-10645521.8887171,717,,-95.63035020063487,30.241677393993314
3534653.19979785,-10644521.8887171,718,,-95.62136704779367,30.241677393993314
3534653.19979785,-10643521.8887171,719,,-95.61238389495247,30.241677393993314
3534653.19979785,-10642521.8887171,720,,-95.60340074211128,30.241677393993314
3534653.19979785,-10641521.8887171,721,,-95.59441758927008,30.241677393993314
3534653.19979785,-10640521.8887171,722,,-95.58543443642887,30.241677393993314
3534653.19979785,-10639521.8887171,723,,-95.57645128358769,30.241677393993314
3534653.19979785,-10638521.8887171,724,,-95.56746813074649,30.241677393993314
3534653.19979785,-10637521.8887171,725,,-95.5584849779053,30.241677393993314
3534653.19979785,-10636521.8887171,726,,-95.5495018250641,30.241677393993314
3534653.19979785,-10635521.8887171,727,,-95.5405186722229,30.241677393993314
3534653.19979785,-10634521.8887171,728,,-95.53153551938172,30.241677393993314
3534653.19979785,-10633521.8887171,729,,-95.52255236654052,30.241677393993314
3534653.19979785,-10632521.8887171,730,,-95.51356921369933,30.241677393993314
3534653.19979785,-10631521.8887171,731,,-95.50458606085813,30.241677393993314
3534653.19979785,-10630521.8887171,732,,-95.49560290801693,30.241677393993314
3534653.19979785,-10629521.8887171,733,,-95.48661975517572,30.241677393993314
3534653.19979785,-10628521.8887171,734,,-95.47763660233454,30.241677393993314
3534653.19979785,-10627521.8887171,735,,-95.46865344949335,30.241677393993314
3534653.19979785,-10626521.8887171,736,,-95.45967029665215,30.241677393993314
3534653.19979785,-10625521.8887171,737,,-95.45068714381095,30.241677393993314
3534653.19979785,-10624521.8887171,738,,-95.44170399096976,30.241677393993314
3534653.19979785,-10623521.8887171,739,,-95.43272083812856,30.241677393993314
3534653.19979785,-10622521.8887171,740,,-95.42373768528738,30.241677393993314
3534653.19979785,-10621521.8887171,741,,-95.41475453244618,30.241677393993314
3534653.19979785,-10620521.8887171,742,,-95.40577137960499,30.241677393993314
3534653.19979785,-10619521.8887171,743,,-95.39678822676377,30.241677393993314
3533653.19979785,-10649521.8887171,744,,-95.66628281199964,30.23391646395289
3533653.19979785,-10648521.8887171,745,,-95.65729965915844,30.23391646395289
3533653.19979785,-10647521.8887171,746,,-95.64831650631724,30.23391646395289
3533653.19979785,-10646521.8887171,747,,-95.63933335347605,30.23391646395289
3533653.19979785,-10645521.8887171,748,,-95.63035020063487,30.23391646395289
3533653.19979785,-10644521.8887171,749,,-95.62136704779367,30.23391646395289
3533653.19979785,-10643521.8887171,750,,-95.61238389495247,30.23391646395289
3533653.19979785,-10642521.8887171,751,,-95.60340074211128,30.23391646395289
3533653.19979785,-10641521.8887171,752,,-95.59441758927008,30.23391646395289
3533653.19979785,-10640521.8887171,753,,-95.58543443642887,30.23391646395289
3533653.19979785,-10639521.8887171,754,,-95.57645128358769,30.23391646395289
3533653.19979785,-10638521.8887171,755,,-95.56746813074649,30.23391646395289
3533653.19979785,-10637521.8887171,756,,-95.5584849779053,30.23391646395289
3533653.19979785,-10636521.8887171,757,,-95.5495018250641,30.23391646395289
3533653.19979785,-10635521.8887171,758,,-95.5405186722229,30.23391646395289
3533653.19979785,-10634521.8887171,759,,-95.53153551938172,30.23391646395289
3533653.19979785,-10633521.8887171,760,,-95.52255236654052,30.23391646395289
3533653.19979785,-10632521.8887171,761,,-95.51356921369933,30.23391646395289
3533653.19979785,-10631521.8887171,762,,-95.50458606085813,30.23391646395289
3533653.19979785,-10630521.8887171,763,,-95.49560290801693,30.23391646395289
3533653.19979785,-10629521.8887171,764,,-95.48661975517572,30.23391646395289
3533653.19979785,-10628521.8887171,765,,-95.47763660233454,30.23391646395289
3533653.19979785,-10627521.8887171,766,,-95.46865344949335,30.23391646395289
3533653.19979785,-10626521.8887171,767,,-95.45967029665215,30.23391646395289
3533653.19979785,-10625521.8887171,768,,-95.45068714381095,30.23391646395289
3533653.19979785,-10624521.8887171,769,,-95.44170399096976,30.23391646395289
3533653.19979785,-10623521.8887171,770,,-95.43272083812856,30.23391646395289
3533653.19979785,-10622521.8887171,771,,-95.42373768528738,30.23391646395289
3533653.19979785,-10621521.8887171,772,,-95.41475453244618,30.23391646395289
3533653.19979785,-10620521.8887171,773,,-95.40577137960499,30.23391646395289
3533653.19979785,-10619521.8887171,774,,-95.39678822676377,30.23391646395289
3532653.19979785,-10649521.8887171,775,,-95.66628281199964,30.226154921190176
3532653.19979785,-10648521.8887171,776,,-95.65729965915844,30.226154921190176
3532653.19979785,-10647521.8887171,777,,-95.64831650631724,30.226154921190176
3532653.19979785,-10646521.8887171,778,,-95.63933335347605,30.226154921190176
3532653.19979785,-10645521.8887171,779,,-95.63035020063487,30.226154921190176
3532653.19979785,-10644521.8887171,780,,-95.62136704779367,30.226154921190176
3532653.19979785,-10643521.8887171,781,,-95.61238389495247,30.226154921190176
3532653.19979785,-10642521.8887171,782,,-95.60340074211128,30.226154921190176
3532653.19979785,-10641521.8887171,783,,-95.59441758927008,30.226154921190176
3532653.19979785,-10640521.8887171,784,,-95.58543443642887,30.226154921190176
3532653.19979785,-10639521.8887171,785,,-95.57645128358769,30.226154921190176
3532653.19979785,-10638521.8887171,786,,-95.56746813074649,30.226154921190176
3532653.19979785,-10637521.8887171,787,,-95.5584849779053,30.226154921190176
3532653.19979785,-10636521.8887171,788,,-95.5495018250641,30.226154921190176
3532653.19979785,-10635521.8887171,789,,-95.5405186722229,30.226154921190176
3532653.19979785,-10634521.8887171,790,,-95.53153551938172,30.226154921190176
3532653.19979785,-10633521.8887171,791,,-95.52255236654052,30.226154921190176
3532653.19979785,-10632521.8887171,792,,-95.51356921369933,30.226154921190176
3532653.19979785,-10631521.8887171,793,,-95.50458606085813,30.226154921190176
3532653.19979785,-10630521.8887171,794,,-95.49560290801693,30.226154921190176
3532653.19979785,-10629521.8887171,795,,-95.48661975517572,30.226154921190176
3532653.19979785,-10628521.8887171,796,,-95.47763660233454,30.226154921190176
3532653.19979785,-10627521.8887171,797,,-95.46865344949335,30.226154921190176
3532653.19979785,-10626521.8887171,798,,-95.45967029665215,30.226154921190176
3532653.19979785,-10625521.8887171,799,,-95.45068714381095,30.226154921190176
3532653.19979785,-10624521.8887171,800,,-95.44170399096976,30.226154921190176
3532653.19979785,-10623521.8887171,801,,-95.43272083812856,30.226154921190176
3532653.19979785,-10622521.8887171,802,,-95.42373768528738,30.226154921190176
3532653.19979785,-10621521.8887171,803,,-95.41475453244618,30.226154921190176
3532653.19979785,-10620521.8887171,804,,-95.40577137960499,30.226154921190176
3532653.19979785,-10619521.8887171,805,,-95.39678822676377,30.226154921190176
3531653.19979785,-10649521.8887171,806,,-95.66628281199964,30.21839276579923
3531653.19979785,-10648521.8887171,807,,-95.65729965915844,30.21839276579923
3531653.19979785,-10647521.8887171,808,,-95.64831650631724,30.21839276579923
3531653.19979785,-10646521.8887171,809,,-95.63933335347605,30.21839276579923
3531653.19979785,-10645521.8887171,810,,-95.63035020063487,30.21839276579923
3531653.19979785,-10644521.8887171,811,,-95.62136704779367,30.21839276579923
3531653.19979785,-10643521.8887171,812,,-95.61238389495247,30.21839276579923
3531653.19979785,-10642521.8887171,813,,-95.60340074211128,30.21839276579923
3531653.19979785,-10641521.8887171,814,,-95.59441758927008,30.21839276579923
3531653.19979785,-10640521.8887171,815,,-95.58543443642887,30.21839276579923
3531653.19979785,-10639521.8887171,816,,-95.57645128358769,30.21839276579923
3531653.19979785,-10638521.8887171,817,,-95.56746813074649,30.21839276579923
3531653.19979785,-10637521.8887171,818,,-95.5584849779053,30.21839276579923
3531653.19979785,-10636521.8887171,819,,-95.5495018250641,30.21839276579923
3531653.19979785,-10635521.8887171,820,,-95.5405186722229,30.21839276579923
3531653.19979785,-10634521.8887171,821,,-95.53153551938172,30.21839276579923
3531653.19979785,-10633521.8887171,822,,-95.52255236654052,30.21839276579923
3531653.19979785,-10632521.8887171,823,,-95.51356921369933,30.21839276579923
3531653.19979785,-10631521.8887171,824,,-95.50458606085813,30.21839276579923
3531653.19979785,-10630521.8887171,825,,-95.49560290801693,30.21839276579923
3531653.19979785,-10629521.8887171,826,,-95.48661975517572,30.21839276579923
3531653.19979785,-10628521.8887171,827,,-95.47763660233454,30.21839276579923
3531653.19979785,-10627521.8887171,828,,-95.46865344949335,30.21839276579923
3531653.19979785,-10626521.8887171,829,,-95.45967029665215,30.21839276579923
3531653.19979785,-10625521.8887171,830,,-95.45068714381095,30.21839276579923
3531653.19979785,-10624521.8887171,831,,-95.44170399096976,30.21839276579923
3531653.19979785,-10623521.8887171,832,,-95.43272083812856,30.21839276579923
3531653.19979785,-10622521.8887171,833,,-95.42373768528738,30.21839276579923
3531653.19979785,-10621521.8887171,834,,-95.41475453244618,30.21839276579923
3531653.19979785,-10620521.8887171,835,,-95.40577137960499,30.21839276579923
3531653.19979785,-10619521.8887171,836,,-95.39678822676377,30.21839276579923
3530653.19979785,-10649521.8887171,837,,-95.66628281199964,30.210629997874175
3530653.19979785,-10648521.8887171,838,,-95.65729965915844,30.210629997874175
3530653.19979785,-10647521.8887171,839,,-95.64831650631724,30.210629997874175
3530653.19979785,-10646521.8887171,840,,-95.63933335347605,30.210629997874175
3530653.19979785,-10645521.8887171,841,,-95.63035020063487,30.210629997874175
3530653.19979785,-10644521.8887171,842,,-95.62136704779367,30.210629997874175
3530653.19979785,-10643521.8887171,843,,-95.61238389495247,30.210629997874175
3530653.19979785,-10642521.8887171,844,,-95.60340074211128,30.210629997874175
3530653.19979785,-10641521.8887171,845,,-95.59441758927008,30.210629997874175
3530653.19979785,-10640521.8887171,846,,-95.58543443642887,30.210629997874175
3530653.19979785,-10639521.8887171,847,,-95.57645128358769,30.210629997874175
3530653.19979785,-10638521.8887171,848,,-95.56746813074649,30.210629997874175
3530653.19979785,-10637521.8887171,849,,-95.5584849779053,30.210629997874175
3530653.19979785,-10636521.8887171,850,,-95.5495018250641,30.210629997874175
3530653.19979785,-10635521.8887171,851,,-95.5405186722229,30.210629997874175
3530653.19979785,-10634521.8887171,852,,-95.53153551938172,30.210629997874175
3530653.19979785,-10633521.8887171,853,,-95.52255236654052,30.210629997874175
3530653.19979785,-10632521.8887171,854,,-95.51356921369933,30.210629997874175
3530653.19979785,-10631521.8887171,855,,-95.50458606085813,30.210629997874175
3530653.19979785,-10630521.8887171,856,,-95.49560290801693,30.210629997874175
3530653.19979785,-10629521.8887171,857,,-95.48661975517572,30.210629997874175
3530653.19979785,-10628521.8887171,858,,-95.47763660233454,30.210629997874175
3530653.19979785,-10627521.8887171,859,,-95.46865344949335,30.210629997874175
3530653.19979785,-10626521.8887171,860,,-95.45967029665215,30.210629997874175
3530653.19979785,-10625521.8887171,861,,-95.45068714381095,30.210629997874175
3530653.19979785,-10624521.8887171,862,,-95.44170399096976,30.210629997874175
3530653.19979785,-10623521.8887171,863,,-95.43272083812856,30.210629997874175
3530653.19979785,-10622521.8887171,864,,-95.42373768528738,30.210629997874175
3530653.19979785,-10621521.8887171,865,,-95.41475453244618,30.210629997874175
3530653.19979785,-10620521.8887171,866,,-95.40577137960499,30.210629997874175
3530653.19979785,-10619521.8887171,867,,-95.39678822676377,30.210629997874175
3529653.19979785,-10649521.8887171,868,,-95.66628281199964,30.202866617509176
3529653.19979785,-10648521.8887171,869,,-95.65729965915844,30.202866617509176
3529653.19979785,-10647521.8887171,870,,-95.64831650631724,30.202866617509176
3529653.19979785,-10646521.8887171,871,,-95.63933335347605,30.202866617509176
3529653.19979785,-10645521.8887171,872,,-95.63035020063487,30.202866617509176
3529653.19979785,-10644521.8887171,873,,-95.62136704779367,30.202866617509176
3529653.19979785,-10643521.8887171,874,,-95.61238389495247,30.202866617509176
3529653.19979785,-10642521.8887171,875,,-95.60340074211128,30.202866617509176
3529653.19979785,-10641521.8887171,876,,-95.59441758927008,30.202866617509176
3529653.19979785,-10640521.8887171,877,,-95.58543443642887,30.202866617509176
3529653.19979785,-10639521.8887171,878,,-95.57645128358769,30.202866617509176
3529653.19979785,-10638521.8887171,879,,-95.56746813074649,30.202866617509176
3529653.19979785,-10637521.8887171,880,,-95.5584849779053,30.202866617509176
3529653.19979785,-10636521.8887171,881,,-95.5495018250641,30.202866617509176
3529653.19979785,-10635521.8887171,882,,-95.5405186722229,30.202866617509176
3529653.19979785,-10634521.8887171,883,,-95.53153551938172,30.202866617509176
3529653.19979785,-10633521.8887171,884,,-95.52255236654052,30.202866617509176
3529653.19979785,-10632521.8887171,885,,-95.51356921369933,30.202866617509176
3529653.19979785,-10631521.8887171,886,,-95.50458606085813,30.202866617509176
3529653.19979785,-10630521.8887171,887,,-95.49560290801693,30.202866617509176
3529653.19979785,-10629521.8887171,888,,-95.48661975517572,30.202866617509176
3529653.19979785,-10628521.8887171,889,,-95.47763660233454,30.202866617509176
3529653.19979785,-10627521.8887171,890,,-95.46865344949335,30.202866617509176
3529653.19979785,-10626521.8887171,891,,-95.45967029665215,30.202866617509176
3529653.19979785,-10625521.8887171,892,,-95.45068714381095,30.202866617509176
3529653.19979785,-10624521.8887171,893,,-95.44170399096976,30.202866617509176
3529653.19979785,-10623521.8887171,894,,-95.43272083812856,30.202866617509176
3529653.19979785,-10622521.8887171,895,,-95.42373768528738,30.202866617509176
3529653.19979785,-10621521.8887171,896,,-95.41475453244618,30.202866617509176
3529653.19979785,-10620521.8887171,897,,-95.40577137960499,30.202866617509176
3529653.19979785,-10619521.8887171,898,,-95.39678822676377,30.202866617509176
